from,to
Pr,Pr 1
Pr,Pr 2
Pr,Pr 3
Pr,Pr 4
Sg,Sg 1
Sg,Sg 2
Sg,Sg 3
Sg,Sg 4
Sg,Sg 5
Sg,Sg 6
Sg,Sg 7
Sg,Sg 8
Sg,Sg 9
Sg,Sg 10
Sg,Sg 11
Sg,Sg 12
Sg,Sg 13
Ay,Ay 1
Ay,Ay 2
NP,NP 1
NP,NP 2
NP,NP 3
NP,NP 4
NP,NP 5
NP,NP 6
NP,NP 7
NP,NP 8
NP,NP 9
NP,NP 10
NP,NP 11-15
NP,NP 16
NP,NP 17
NP,NP 18
NP,NP 19
NP,NP 20
NP,NP 21
NP,NP 22
NP,NP 23
NP,NP 24
NP,NP 25
NP,NP 26
NP,NP 27
NP,NP 28
NP,NP 29
NP,NP 30
Pc,Pc 1
Pc,Pc 2
Pc,Pc 3
Pc,Pc 4
Pc,Pc 5
Pc,Pc 6
Pc,Pc 7
Pc,Pc 8
Pc,Pc 9
Pc,Pc 10
Pc,Pc 11
Pc,Pc 12
Pc,Pc 13
Pc,Pc 14
Pc,Pc 15
Pc,Pc 16
Pc,Pc 17
Pc,Pc 18
Pc,Pc 19
Pc,Pc 20
Pc,Pc 21-30
Pc,Pc 31
Pc,Pc 32
Pc,Pc 33
Pc,Pc 34
Pc,Pc 35
Pc,Pc 36
Pc,Pc 37
Pc,Pc 38
Pc,Pc 39
Pc,Pc 40
Pc,Pc 41
Pc,Pc 42
Pc,Pc 43
Pc,Pc 44
Pc,Pc 45
Pc,Pc 46
Pc,Pc 47
Pc,Pc 48
Pc,Pc 49
Pc,Pc 50
Pc,Pc 51
Pc,Pc 52
Pc,Pc 53
Pc,Pc 54
Pc,Pc 55
Pc,Pc 56
Pc,Pc 57
Pc,Pc 58
Pc,Pc 59
Pc,Pc 60
Pc,Pc 61
Pc,Pc 62
Pc,Pc 63
Pc,Pc 64
Pc,Pc 65
Pc,Pc 66
Pc,Pc 67
Pc,Pc 68
Pc,Pc 69
Pc,Pc 70
Pc,Pc 71
Pc,Pc 72
Pc,Pc 73
Pc,Pc 74
Pc,Pc 75
Pc,Pc 76
Pc,Pc 77
Pc,Pc 78
Pc,Pc 79
Pc,Pc 80
Pc,Pc 81
Pc,Pc 82
Pc,Pc 83
Pc,Pc 84
Pc,Pc 85
Pc,Pc 86
Pc,Pc 87
Pc,Pc 88
Pc,Pc 89-92
Sk,Sk 1-26
Sk,Sk 27-56
Sk,Sk 57-72
Sk,Sk 73-75
Pd,Pd 1
Pd,Pd 2
Pd,Pd 3
Pd,Pd 4
As,As 1
As,As 2
As,As 3
As,As 4
As,As 5
As,As 6
As,As 7
